old_url,mockup_page,status
https://www.bwgoalkeeping.co.uk/,index.html,Mapped for review; redirect not deployed
https://www.bwgoalkeeping.co.uk,index.html,Mapped for review; redirect not deployed
https://www.bwgoalkeeping.co.uk/about-us,about.html,Mapped for review; redirect not deployed
https://www.bwgoalkeeping.co.uk/services,services.html,Mapped for review; redirect not deployed
https://www.bwgoalkeeping.co.uk/group-goalkeeping-sessions,group-sessions.html,Mapped for review; redirect not deployed
https://www.bwgoalkeeping.co.uk/services-4,training-days.html,Mapped for review; redirect not deployed
https://www.bwgoalkeeping.co.uk/one-to-one-sessions,one-to-one.html,Mapped for review; redirect not deployed
https://www.bwgoalkeeping.co.uk/testimonials,reviews.html,Mapped for review; redirect not deployed
https://www.bwgoalkeeping.co.uk/contact-us,contact.html,Mapped for review; redirect not deployed
https://www.bwgoalkeeping.co.uk/_files/ugd/0de867_6683d8ae9d734e36bb56277f8aab9199.pdf,assets/terms-and-conditions.pdf,Original document preserved
https://www.bwgoalkeeping.co.uk/_files/ugd/0de867_1f9d9a12c9f1429183b3108787a89958.pdf,assets/safeguarding.pdf,Original document preserved
